pair_id,canonical_seed_id,source_origin,resource_type,input_style,flag_type,flag_reason,review_status,notes,reviewer_1_name,reviewer_2_name,reviewer_1_faithfulness,reviewer_2_faithfulness,reviewer_1_unsupported_fact,reviewer_2_unsupported_fact,reviewer_1_omission,reviewer_2_omission,reviewer_1_context_leakage,reviewer_2_context_leakage,reviewer_1_naturalness,reviewer_2_naturalness,reviewer_1_flag_type,reviewer_2_flag_type,reviewer_1_decision,reviewer_2_decision,reviewer_1_comments,reviewer_2_comments,binary_disagreement_count,decision_disagreement,disposition_only_disagreement,merged_decision,adjudication_needed,disagreement_summary,final_decision,final_notes
gptx-off-001__concise_clinical,gptx-off-001,official,Patient,concise_clinical,near_duplicate_variant,The Patient target is sparse enough that the two source-side variants may stay quite close.,flagged_for_review,Patient expression uses only explicit structured identity/demographic fields from the canonical target and intentionally omits extra linked or non-core structured details. Imported target remains unchanged from official_pilot12 seed official-pilot12-01.,Claude_Reviewer_1,reviewer2,1,1,0,0,0,0,0,0,4,4,none,near_duplicate_variant,keep,keep,Patient pair is faithful. Core demographic fields are correctly represented without unsupported additions.,"Input and target are faithful. Concise clinical format correctly extracts name and identifier. Additional fields in target (meta, text) are non-essential metadata not required to be in input.",0,no,False,keep,no,Disagreement on flag_type none vs near_duplicate_variant.,,
gptx-off-001__semi_structured,gptx-off-001,official,Patient,semi_structured,near_duplicate_variant,The Patient target is sparse enough that the two source-side variants may stay quite close.,flagged_for_review,Patient expression uses only explicit structured identity/demographic fields from the canonical target and intentionally omits extra linked or non-core structured details. Imported target remains unchanged from official_pilot12 seed official-pilot12-01.,Claude_Reviewer_1,reviewer2,1,1,0,0,0,0,0,0,4,4,none,near_duplicate_variant,keep,keep,Patient pair is faithful. Core demographic fields are correctly represented without unsupported additions.,Input explicitly states Active: true which matches target's active: true field. Faithful translation to semi-structured format.,0,no,False,keep,no,Disagreement on flag_type none vs near_duplicate_variant.,,
gptx-off-002__brief_clinical_narrative,gptx-off-002,official,Patient,brief_clinical_narrative,possible_omission,"The Patient target contains more structured fields than the compressed source-side rendering exposes, so omission should be reviewed.",flagged_for_review,Patient expression uses only explicit structured identity/demographic fields from the canonical target and intentionally omits extra linked or non-core structured details. Imported target remains unchanged from official_pilot12 seed official-pilot12-02.,Claude_Reviewer_1,reviewer2,1,1,0,0,1,0,0,0,4,4,possible_omission,possible_omission,revise,keep,Revise: remove unsupported identifier assigner (Boston Massachesetts General Hospital). Core demographic content is otherwise acceptable.,"Input captures core patient demographics (gender, birthDate, identifier, deceasedBoolean as ""not deceased""). Additional identifier metadata (assigner, system, type, use) are formatting details not required omission per guidance.",1,yes,False,pending_adjudication,yes,Disagreement on omission 1 vs 0; decision revise vs keep.,,
gptx-off-003__concise_clinical,gptx-off-003,official,Observation,concise_clinical,unit_sensitivity,The Observation pair depends on exact numeric value and unit preservation.,flagged_for_review,"Observation expression keeps the exact numeric value and unit from valueQuantity and stays target-local without importing subject, encounter, or performer context. Imported target remains unchanged from official_pilot12 seed official-pilot12-05.",Claude_Reviewer_1,reviewer2,1,1,0,0,0,0,0,0,4,4,none,unit_sensitivity,keep,keep,"Observation pair is faithful. Measurement identity, value, and unit are correctly represented with no unsupported additions.",Body temperature 36.5 C correctly preserved with exact value and unit Cel. No unsupported content. Target-local without importing external context.,0,no,False,keep,no,Disagreement on flag_type none vs unit_sensitivity.,,
gptx-off-003__semi_structured,gptx-off-003,official,Observation,semi_structured,unit_sensitivity,The Observation pair depends on exact numeric value and unit preservation.,flagged_for_review,"Observation expression keeps the exact numeric value and unit from valueQuantity and stays target-local without importing subject, encounter, or performer context. Imported target remains unchanged from official_pilot12 seed official-pilot12-05.",Claude_Reviewer_1,reviewer2,1,1,0,0,0,0,0,0,4,4,none,unit_sensitivity,keep,keep,"Observation pair is faithful. Measurement identity, value, and unit are correctly represented with no unsupported additions.",Observation with exact numeric value 36.5 C and unit preserved. Semi-structured format faithfully represents target fields.,0,no,False,keep,no,Disagreement on flag_type none vs unit_sensitivity.,,
gptx-off-004__brief_clinical_narrative,gptx-off-004,official,Observation,brief_clinical_narrative,context_leakage,"The canonical target has linked references, so the compressed source-side rendering should be checked for hidden context importation.",flagged_for_review,"Observation expression keeps the exact numeric value and unit from valueQuantity and stays target-local without importing subject, encounter, or performer context. Imported target remains unchanged from official_pilot12 seed official-pilot12-09.",Claude_Reviewer_1,reviewer2,1,1,1,0,0,0,1,0,3,4,context_leakage,context_leakage,revise,keep,"Pair needs revision: unsupported referenceRange, performer present in FHIR target not grounded in input. Remove before retention.","Glucose 6.3 mmol/l with interpretation High correctly rendered. Reference range, performer, subject in target are seed data, not imported context. Target remains self-contained.",2,yes,False,pending_adjudication,yes,Disagreement on unsupported_fact 1 vs 0; context_leakage 1 vs 0; naturalness 3 vs 4; decision revise vs keep.,,
gptx-off-004__brief_clinical_narrative,gptx-off-004,official,Observation,brief_clinical_narrative,unit_sensitivity,The Observation pair depends on exact numeric value and unit preservation.,flagged_for_review,"Observation expression keeps the exact numeric value and unit from valueQuantity and stays target-local without importing subject, encounter, or performer context. Imported target remains unchanged from official_pilot12 seed official-pilot12-09.",Claude_Reviewer_1,reviewer2,1,1,1,0,0,0,1,0,3,4,context_leakage,unit_sensitivity,revise,keep,"Pair needs revision: unsupported referenceRange, performer present in FHIR target not grounded in input. Remove before retention.",Same as row 7 - unit mmol/l and value 6.3 correctly preserved. Unit sensitivity flag confirmed.,2,yes,False,pending_adjudication,yes,Disagreement on unsupported_fact 1 vs 0; context_leakage 1 vs 0; naturalness 3 vs 4; flag_type context_leakage vs unit_sensitivity; decision revise vs keep.,,
gptx-off-004__semi_structured,gptx-off-004,official,Observation,semi_structured,unit_sensitivity,The Observation pair depends on exact numeric value and unit preservation.,flagged_for_review,"Observation expression keeps the exact numeric value and unit from valueQuantity and stays target-local without importing subject, encounter, or performer context. Imported target remains unchanged from official_pilot12 seed official-pilot12-09.",Claude_Reviewer_1,reviewer2,1,1,0,0,0,0,0,0,4,4,none,unit_sensitivity,revise,keep,"Pair needs revision: unsupported referenceRange, performer present in FHIR target not grounded in input. Remove before retention.",Glucose observation with exact value and unit preserved in semi-structured format. No unit conversion issues.,0,yes,True,pending_adjudication,yes,Disposition-only disagreement: both reviewers agree on the binary reliability dimensions but decisions differ (revise vs keep).,,
gptx-off-006__brief_clinical_narrative,gptx-off-006,official,Condition,brief_clinical_narrative,context_leakage,"The canonical target has linked references, so the compressed source-side rendering should be checked for hidden context importation.",flagged_for_review,"Condition expression stays limited to the explicit diagnosis text, status fields, onset or abatement, and explicit severity when present; no duration, treatment, or hidden context is added. Imported target remains unchanged from official_pilot12 seed official-pilot12-12.",Claude_Reviewer_1,reviewer2,1,1,0,0,0,0,1,0,3,4,context_leakage,context_leakage,keep,keep,Condition pair is faithful. Diagnosis coding is correctly represented and no unsupported clinical details are present.,"Asthma with Mild severity and onset information correctly captured. verificationStatus ""confirmed"" vs input ""confirmed"" - slight difference but clinically consistent. No duration or treatment added.",1,no,False,keep,no,Disagreement on context_leakage 1 vs 0; naturalness 3 vs 4.,,
gptx-off-006__brief_clinical_narrative,gptx-off-006,official,Condition,brief_clinical_narrative,style_uncertainty,"Narrative Condition phrasing is still conservative, but it should be checked to ensure no implied duration or history slips in.",flagged_for_review,"Condition expression stays limited to the explicit diagnosis text, status fields, onset or abatement, and explicit severity when present; no duration, treatment, or hidden context is added. Imported target remains unchanged from official_pilot12 seed official-pilot12-12.",Claude_Reviewer_1,reviewer2,1,1,0,0,0,0,0,0,3,3,style_uncertainty,style_uncertainty,keep,keep,Condition pair is faithful. Diagnosis coding is correctly represented and no unsupported clinical details are present.,"""Asthma is confirmed"" vs target clinicalStatus ""active"" with verificationStatus ""confirmed"" - phrasing nuance. May warrant style revision for consistency but not a core error.",0,no,False,keep,no,No disagreement detected.,,
gptx-syn-002__brief_clinical_narrative,gptx-syn-002,synthea,Patient,brief_clinical_narrative,near_duplicate_variant,The Patient target is sparse enough that the two source-side variants may stay quite close.,flagged_for_review,Patient expression uses only explicit structured identity/demographic fields from the canonical target and intentionally omits extra linked or non-core structured details. Imported target remains unchanged from synthea_pilot50 seed Patient/0443254f-7306-f744-7ad4-b1675a59ba99.,Claude_Reviewer_1,reviewer2,1,1,0,0,0,0,0,0,4,4,none,near_duplicate_variant,revise,keep,Revise: remove unsupported address. Core demographic content is otherwise acceptable.,"Patient demographics (name, gender, birthDate, maritalStatus) all explicitly present in input and correctly in target. Extended fields in target are seed data.",0,yes,True,pending_adjudication,yes,Disposition-only disagreement: both reviewers agree on the binary reliability dimensions but decisions differ (revise vs keep).,,
gptx-syn-002__brief_clinical_narrative,gptx-syn-002,synthea,Patient,brief_clinical_narrative,possible_omission,"The Patient target contains more structured fields than the compressed source-side rendering exposes, so omission should be reviewed.",flagged_for_review,Patient expression uses only explicit structured identity/demographic fields from the canonical target and intentionally omits extra linked or non-core structured details. Imported target remains unchanged from synthea_pilot50 seed Patient/0443254f-7306-f744-7ad4-b1675a59ba99.,Claude_Reviewer_1,reviewer2,1,1,0,0,1,0,0,0,4,4,possible_omission,possible_omission,revise,keep,Revise: remove unsupported address. Core demographic content is otherwise acceptable.,"Same patient data - input explicitly includes marital status. All core demographics faithful. Extended fields are from seed, not model inference.",1,yes,False,pending_adjudication,yes,Disagreement on omission 1 vs 0; decision revise vs keep.,,
gptx-syn-002__concise_clinical,gptx-syn-002,synthea,Patient,concise_clinical,near_duplicate_variant,The Patient target is sparse enough that the two source-side variants may stay quite close.,flagged_for_review,Patient expression uses only explicit structured identity/demographic fields from the canonical target and intentionally omits extra linked or non-core structured details. Imported target remains unchanged from synthea_pilot50 seed Patient/0443254f-7306-f744-7ad4-b1675a59ba99.,Claude_Reviewer_1,reviewer2,1,1,0,0,0,0,0,0,4,3,none,possible_omission,revise,keep,Revise: remove unsupported address. Core demographic content is otherwise acceptable.,"Input includes ""Marital status: Married"" explicitly - maritalStatus in target is supported. Concise format is somewhat choppy (comma usage) but captures all stated facts.",0,yes,True,pending_adjudication,yes,Disposition-only disagreement: both reviewers agree on the binary reliability dimensions but decisions differ (revise vs keep).,,
gptx-syn-003__shorthand_clinical_note,gptx-syn-003,synthea,Patient,shorthand_clinical_note,possible_omission,"The Patient target contains more structured fields than the compressed source-side rendering exposes, so omission should be reviewed.",flagged_for_review,Patient expression uses only explicit structured identity/demographic fields from the canonical target and intentionally omits extra linked or non-core structured details. Imported target remains unchanged from synthea_pilot50 seed Patient/01e8022f-bd3e-b493-9190-3e87e8f94023.,Claude_Reviewer_1,reviewer2,1,1,0,0,1,0,0,0,4,4,possible_omission,possible_omission,revise,keep,Revise: remove unsupported address. Core demographic content is otherwise acceptable.,"Patient data (name, sex, dob, marital, deceased) all present in input. Shorthand format captures core facts. Additional target fields are seed data.",1,yes,False,pending_adjudication,yes,Disagreement on omission 1 vs 0; decision revise vs keep.,,
gptx-syn-004__concise_clinical,gptx-syn-004,synthea,Observation,concise_clinical,unit_sensitivity,The Observation pair depends on exact numeric value and unit preservation.,flagged_for_review,"Observation expression keeps the exact numeric value and unit from valueQuantity and stays target-local without importing subject, encounter, or performer context. Imported target remains unchanged from synthea_pilot50 seed Observation/98758d75-d95a-39ca-eace-53571ec75f19.",Claude_Reviewer_1,reviewer2,1,1,0,0,0,0,0,0,4,4,none,unit_sensitivity,revise,keep,Pair needs revision: unsupported encounter reference present in FHIR target not grounded in input. Remove before retention.,Alkaline phosphatase 129.36 U/L with exact value and unit preserved. No context imported.,0,yes,True,pending_adjudication,yes,Disposition-only disagreement: both reviewers agree on the binary reliability dimensions but decisions differ (revise vs keep).,,
gptx-syn-004__semi_structured,gptx-syn-004,synthea,Observation,semi_structured,unit_sensitivity,The Observation pair depends on exact numeric value and unit preservation.,flagged_for_review,"Observation expression keeps the exact numeric value and unit from valueQuantity and stays target-local without importing subject, encounter, or performer context. Imported target remains unchanged from synthea_pilot50 seed Observation/98758d75-d95a-39ca-eace-53571ec75f19.",Claude_Reviewer_1,reviewer2,1,1,0,0,0,0,0,0,4,4,none,unit_sensitivity,revise,keep,Pair needs revision: unsupported encounter reference present in FHIR target not grounded in input. Remove before retention.,Same observation in semi-structured format. Value and unit exact match. Faithful translation.,0,yes,True,pending_adjudication,yes,Disposition-only disagreement: both reviewers agree on the binary reliability dimensions but decisions differ (revise vs keep).,,
gptx-syn-005__concise_clinical,gptx-syn-005,synthea,Observation,concise_clinical,unit_sensitivity,The Observation pair depends on exact numeric value and unit preservation.,flagged_for_review,"Observation expression keeps the exact numeric value and unit from valueQuantity and stays target-local without importing subject, encounter, or performer context. Imported target remains unchanged from synthea_pilot50 seed Observation/ed952e46-b99b-88f6-0bc1-8f666074aa32.",Claude_Reviewer_1,reviewer2,1,1,0,0,0,0,0,0,4,4,none,unit_sensitivity,revise,keep,Pair needs revision: unsupported encounter reference present in FHIR target not grounded in input. Remove before retention.,"Respiratory rate 12 /min with exact value. Unit ""/"" is dimensionless. No unit conversion needed. Target contains encounter reference not in input but seed unchanged per notes.",0,yes,True,pending_adjudication,yes,Disposition-only disagreement: both reviewers agree on the binary reliability dimensions but decisions differ (revise vs keep).,,
gptx-syn-005__shorthand_clinical_note,gptx-syn-005,synthea,Observation,shorthand_clinical_note,context_leakage,"The canonical target has linked references, so the compressed source-side rendering should be checked for hidden context importation.",flagged_for_review,"Observation expression keeps the exact numeric value and unit from valueQuantity and stays target-local without importing subject, encounter, or performer context. Imported target remains unchanged from synthea_pilot50 seed Observation/ed952e46-b99b-88f6-0bc1-8f666074aa32.",Claude_Reviewer_1,reviewer2,1,1,0,0,0,0,1,0,3,4,context_leakage,context_leakage,revise,keep,Pair needs revision: unsupported encounter reference present in FHIR target not grounded in input. Remove before retention.,Same observation in shorthand format. Performer in target not in input but present in seed. No new context imported per notes.,1,yes,False,pending_adjudication,yes,Disagreement on context_leakage 1 vs 0; naturalness 3 vs 4; decision revise vs keep.,,
gptx-syn-005__shorthand_clinical_note,gptx-syn-005,synthea,Observation,shorthand_clinical_note,unit_sensitivity,The Observation pair depends on exact numeric value and unit preservation.,flagged_for_review,"Observation expression keeps the exact numeric value and unit from valueQuantity and stays target-local without importing subject, encounter, or performer context. Imported target remains unchanged from synthea_pilot50 seed Observation/ed952e46-b99b-88f6-0bc1-8f666074aa32.",Claude_Reviewer_1,reviewer2,1,1,0,0,0,0,0,0,3,4,style_uncertainty,unit_sensitivity,revise,keep,Pair needs revision: unsupported encounter reference present in FHIR target not grounded in input. Remove before retention.,Same shorthand entry. Unit preserved. No unit sensitivity issue apparent in this specific pair.,0,yes,True,pending_adjudication,yes,Disposition-only disagreement: both reviewers agree on the binary reliability dimensions but decisions differ (revise vs keep).,,
gptx-syn-006__brief_clinical_narrative,gptx-syn-006,synthea,Observation,brief_clinical_narrative,context_leakage,"The canonical target has linked references, so the compressed source-side rendering should be checked for hidden context importation.",flagged_for_review,"Observation expression keeps the exact numeric value and unit from valueQuantity and stays target-local without importing subject, encounter, or performer context. Imported target remains unchanged from synthea_pilot50 seed Observation/eb58ee3d-7579-10ba-7029-da628f7bd025.",Claude_Reviewer_1,reviewer2,1,1,0,0,0,0,1,0,3,4,context_leakage,context_leakage,revise,keep,Pair needs revision: unsupported encounter reference present in FHIR target not grounded in input. Remove before retention.,Body Weight 85.9 kg correctly rendered. Performer in target not in input but from seed. Target remains self-contained per notes.,1,yes,False,pending_adjudication,yes,Disagreement on context_leakage 1 vs 0; naturalness 3 vs 4; decision revise vs keep.,,
gptx-syn-006__brief_clinical_narrative,gptx-syn-006,synthea,Observation,brief_clinical_narrative,unit_sensitivity,The Observation pair depends on exact numeric value and unit preservation.,flagged_for_review,"Observation expression keeps the exact numeric value and unit from valueQuantity and stays target-local without importing subject, encounter, or performer context. Imported target remains unchanged from synthea_pilot50 seed Observation/eb58ee3d-7579-10ba-7029-da628f7bd025.",Claude_Reviewer_1,reviewer2,1,1,0,0,0,0,0,0,4,4,none,unit_sensitivity,revise,keep,Pair needs revision: unsupported encounter reference present in FHIR target not grounded in input. Remove before retention.,Same body weight entry. Value kg preserved. Unit sensitivity confirmed for this type.,0,yes,True,pending_adjudication,yes,Disposition-only disagreement: both reviewers agree on the binary reliability dimensions but decisions differ (revise vs keep).,,
gptx-syn-006__semi_structured,gptx-syn-006,synthea,Observation,semi_structured,unit_sensitivity,The Observation pair depends on exact numeric value and unit preservation.,flagged_for_review,"Observation expression keeps the exact numeric value and unit from valueQuantity and stays target-local without importing subject, encounter, or performer context. Imported target remains unchanged from synthea_pilot50 seed Observation/eb58ee3d-7579-10ba-7029-da628f7bd025.",Claude_Reviewer_1,reviewer2,1,1,0,0,0,0,0,0,4,4,none,unit_sensitivity,revise,keep,Pair needs revision: unsupported encounter reference present in FHIR target not grounded in input. Remove before retention.,Body weight in semi-structured format. Value and unit exact match.,0,yes,True,pending_adjudication,yes,Disposition-only disagreement: both reviewers agree on the binary reliability dimensions but decisions differ (revise vs keep).,,
gptx-syn-007__concise_clinical,gptx-syn-007,synthea,Observation,concise_clinical,unit_sensitivity,The Observation pair depends on exact numeric value and unit preservation.,flagged_for_review,"Observation expression keeps the exact numeric value and unit from valueQuantity and stays target-local without importing subject, encounter, or performer context. Imported target remains unchanged from synthea_pilot50 seed Observation/b9df4e45-05ba-5456-c0f6-7006fbb045ab.",Claude_Reviewer_1,reviewer2,1,1,0,0,0,0,0,0,4,4,none,unit_sensitivity,revise,keep,Pair needs revision: unsupported encounter reference present in FHIR target not grounded in input. Remove before retention.,Albumin 4.1117 g/dL with exact value preserved. Laboratory observation correctly formatted.,0,yes,True,pending_adjudication,yes,Disposition-only disagreement: both reviewers agree on the binary reliability dimensions but decisions differ (revise vs keep).,,
gptx-syn-007__semi_structured,gptx-syn-007,synthea,Observation,semi_structured,unit_sensitivity,The Observation pair depends on exact numeric value and unit preservation.,flagged_for_review,"Observation expression keeps the exact numeric value and unit from valueQuantity and stays target-local without importing subject, encounter, or performer context. Imported target remains unchanged from synthea_pilot50 seed Observation/b9df4e45-05ba-5456-c0f6-7006fbb045ab.",Claude_Reviewer_1,reviewer2,1,1,0,0,0,0,0,0,4,4,none,unit_sensitivity,revise,keep,Pair needs revision: unsupported encounter reference present in FHIR target not grounded in input. Remove before retention.,Same albumin observation in semi-structured format. Faithful translation.,0,yes,True,pending_adjudication,yes,Disposition-only disagreement: both reviewers agree on the binary reliability dimensions but decisions differ (revise vs keep).,,
gptx-syn-008__concise_clinical,gptx-syn-008,synthea,Observation,concise_clinical,unit_sensitivity,The Observation pair depends on exact numeric value and unit preservation.,flagged_for_review,"Observation expression keeps the exact numeric value and unit from valueQuantity and stays target-local without importing subject, encounter, or performer context. Imported target remains unchanged from synthea_pilot50 seed Observation/b262c778-41c9-499a-7267-c725c080ddf6.",Claude_Reviewer_1,reviewer2,1,1,0,0,0,0,0,0,4,4,none,unit_sensitivity,revise,keep,Pair needs revision: unsupported encounter reference present in FHIR target not grounded in input. Remove before retention.,MCH 29.994 pg correctly preserved. Unit exact.,0,yes,True,pending_adjudication,yes,Disposition-only disagreement: both reviewers agree on the binary reliability dimensions but decisions differ (revise vs keep).,,
gptx-syn-008__shorthand_clinical_note,gptx-syn-008,synthea,Observation,shorthand_clinical_note,context_leakage,"The canonical target has linked references, so the compressed source-side rendering should be checked for hidden context importation.",flagged_for_review,"Observation expression keeps the exact numeric value and unit from valueQuantity and stays target-local without importing subject, encounter, or performer context. Imported target remains unchanged from synthea_pilot50 seed Observation/b262c778-41c9-499a-7267-c725c080ddf6.",Claude_Reviewer_1,reviewer2,1,1,0,0,0,0,1,0,3,4,context_leakage,context_leakage,revise,keep,Pair needs revision: unsupported encounter reference present in FHIR target not grounded in input. Remove before retention.,Shorthand format same observation. Performer in target not in input but from seed per notes. No new context imported.,1,yes,False,pending_adjudication,yes,Disagreement on context_leakage 1 vs 0; naturalness 3 vs 4; decision revise vs keep.,,
gptx-syn-008__shorthand_clinical_note,gptx-syn-008,synthea,Observation,shorthand_clinical_note,unit_sensitivity,The Observation pair depends on exact numeric value and unit preservation.,flagged_for_review,"Observation expression keeps the exact numeric value and unit from valueQuantity and stays target-local without importing subject, encounter, or performer context. Imported target remains unchanged from synthea_pilot50 seed Observation/b262c778-41c9-499a-7267-c725c080ddf6.",Claude_Reviewer_1,reviewer2,1,1,0,0,0,0,0,0,3,4,style_uncertainty,unit_sensitivity,revise,keep,Pair needs revision: unsupported encounter reference present in FHIR target not grounded in input. Remove before retention.,Same shorthand entry. Unit preserved without conversion.,0,yes,True,pending_adjudication,yes,Disposition-only disagreement: both reviewers agree on the binary reliability dimensions but decisions differ (revise vs keep).,,
gptx-syn-009__brief_clinical_narrative,gptx-syn-009,synthea,Observation,brief_clinical_narrative,context_leakage,"The canonical target has linked references, so the compressed source-side rendering should be checked for hidden context importation.",flagged_for_review,"Observation expression keeps the exact numeric value and unit from valueQuantity and stays target-local without importing subject, encounter, or performer context. Imported target remains unchanged from synthea_pilot50 seed Observation/c30f6311-cc84-486f-64b5-1ee03f48f84e.",Claude_Reviewer_1,reviewer2,1,1,0,0,0,0,1,0,3,4,context_leakage,context_leakage,revise,keep,Pair needs revision: unsupported encounter reference present in FHIR target not grounded in input. Remove before retention.,pH 5.5205 correctly captured. pH is dimensionless quantity. Encounter reference in target not in input but from seed.,1,yes,False,pending_adjudication,yes,Disagreement on context_leakage 1 vs 0; naturalness 3 vs 4; decision revise vs keep.,,
gptx-syn-009__brief_clinical_narrative,gptx-syn-009,synthea,Observation,brief_clinical_narrative,unit_sensitivity,The Observation pair depends on exact numeric value and unit preservation.,flagged_for_review,"Observation expression keeps the exact numeric value and unit from valueQuantity and stays target-local without importing subject, encounter, or performer context. Imported target remains unchanged from synthea_pilot50 seed Observation/c30f6311-cc84-486f-64b5-1ee03f48f84e.",Claude_Reviewer_1,reviewer2,1,1,0,0,0,0,0,0,4,4,none,unit_sensitivity,revise,keep,Pair needs revision: unsupported encounter reference present in FHIR target not grounded in input. Remove before retention.,Same pH entry. Value and unit (pH scale) preserved.,0,yes,True,pending_adjudication,yes,Disposition-only disagreement: both reviewers agree on the binary reliability dimensions but decisions differ (revise vs keep).,,
gptx-syn-009__semi_structured,gptx-syn-009,synthea,Observation,semi_structured,unit_sensitivity,The Observation pair depends on exact numeric value and unit preservation.,flagged_for_review,"Observation expression keeps the exact numeric value and unit from valueQuantity and stays target-local without importing subject, encounter, or performer context. Imported target remains unchanged from synthea_pilot50 seed Observation/c30f6311-cc84-486f-64b5-1ee03f48f84e.",Claude_Reviewer_1,reviewer2,1,1,0,0,0,0,0,0,4,4,none,unit_sensitivity,revise,keep,Pair needs revision: unsupported encounter reference present in FHIR target not grounded in input. Remove before retention.,pH observation in semi-structured format. Value exact. No unit conversion for pH.,0,yes,True,pending_adjudication,yes,Disposition-only disagreement: both reviewers agree on the binary reliability dimensions but decisions differ (revise vs keep).,,
gptx-syn-010__concise_clinical,gptx-syn-010,synthea,Observation,concise_clinical,unit_sensitivity,The Observation pair depends on exact numeric value and unit preservation.,flagged_for_review,"Observation expression keeps the exact numeric value and unit from valueQuantity and stays target-local without importing subject, encounter, or performer context. Imported target remains unchanged from synthea_pilot50 seed Observation/a533c757-e03a-772e-6043-d5e81555d4f8.",Claude_Reviewer_1,reviewer2,1,1,0,0,0,0,0,0,4,4,none,unit_sensitivity,revise,keep,Pair needs revision: unsupported encounter reference present in FHIR target not grounded in input. Remove before retention.,Chloride 108.89 mmol/L correctly preserved with exact value and unit.,0,yes,True,pending_adjudication,yes,Disposition-only disagreement: both reviewers agree on the binary reliability dimensions but decisions differ (revise vs keep).,,
gptx-syn-010__semi_structured,gptx-syn-010,synthea,Observation,semi_structured,unit_sensitivity,The Observation pair depends on exact numeric value and unit preservation.,flagged_for_review,"Observation expression keeps the exact numeric value and unit from valueQuantity and stays target-local without importing subject, encounter, or performer context. Imported target remains unchanged from synthea_pilot50 seed Observation/a533c757-e03a-772e-6043-d5e81555d4f8.",Claude_Reviewer_1,reviewer2,1,1,0,0,0,0,0,0,4,4,none,unit_sensitivity,revise,keep,Pair needs revision: unsupported encounter reference present in FHIR target not grounded in input. Remove before retention.,Same chloride in semi-structured format. Unit mmol/L exact.,0,yes,True,pending_adjudication,yes,Disposition-only disagreement: both reviewers agree on the binary reliability dimensions but decisions differ (revise vs keep).,,
gptx-syn-011__concise_clinical,gptx-syn-011,synthea,Observation,concise_clinical,unit_sensitivity,The Observation pair depends on exact numeric value and unit preservation.,flagged_for_review,"Observation expression keeps the exact numeric value and unit from valueQuantity and stays target-local without importing subject, encounter, or performer context. Imported target remains unchanged from synthea_pilot50 seed Observation/54ee6f70-24c3-c150-37e3-432c6d7438ef.",Claude_Reviewer_1,reviewer2,1,1,0,0,0,0,0,0,4,4,none,unit_sensitivity,revise,keep,Pair needs revision: unsupported encounter reference present in FHIR target not grounded in input. Remove before retention.,Leukocytes 5.1655 10*3/uL with unit preserved. Concise format captures essential observation data.,0,yes,True,pending_adjudication,yes,Disposition-only disagreement: both reviewers agree on the binary reliability dimensions but decisions differ (revise vs keep).,,
gptx-syn-011__shorthand_clinical_note,gptx-syn-011,synthea,Observation,shorthand_clinical_note,context_leakage,"The canonical target has linked references, so the compressed source-side rendering should be checked for hidden context importation.",flagged_for_review,"Observation expression keeps the exact numeric value and unit from valueQuantity and stays target-local without importing subject, encounter, or performer context. Imported target remains unchanged from synthea_pilot50 seed Observation/54ee6f70-24c3-c150-37e3-432c6d7438ef.",Claude_Reviewer_1,reviewer2,1,1,0,0,0,0,1,1,3,4,context_leakage,context_leakage,revise,keep,Pair needs revision: unsupported encounter reference present in FHIR target not grounded in input. Remove before retention.,"Shorthand format with encounter/subject/performer references in target not visible in input. Per notes target is seed-imported, but flag_type context_leakage suggests concern.",0,yes,True,pending_adjudication,yes,Disposition-only disagreement: both reviewers agree on the binary reliability dimensions but decisions differ (revise vs keep).,,
gptx-syn-011__shorthand_clinical_note,gptx-syn-011,synthea,Observation,shorthand_clinical_note,unit_sensitivity,The Observation pair depends on exact numeric value and unit preservation.,flagged_for_review,"Observation expression keeps the exact numeric value and unit from valueQuantity and stays target-local without importing subject, encounter, or performer context. Imported target remains unchanged from synthea_pilot50 seed Observation/54ee6f70-24c3-c150-37e3-432c6d7438ef.",Claude_Reviewer_1,reviewer2,1,1,0,0,0,0,0,0,3,4,style_uncertainty,unit_sensitivity,revise,keep,Pair needs revision: unsupported encounter reference present in FHIR target not grounded in input. Remove before retention.,Same entry. Unit preserved. Leukocytes count format 10*3/uL consistent.,0,yes,True,pending_adjudication,yes,Disposition-only disagreement: both reviewers agree on the binary reliability dimensions but decisions differ (revise vs keep).,,
gptx-syn-012__brief_clinical_narrative,gptx-syn-012,synthea,Observation,brief_clinical_narrative,context_leakage,"The canonical target has linked references, so the compressed source-side rendering should be checked for hidden context importation.",flagged_for_review,"Observation expression keeps the exact numeric value and unit from valueQuantity and stays target-local without importing subject, encounter, or performer context. Imported target remains unchanged from synthea_pilot50 seed Observation/d0bac5a3-7864-f695-6f7c-8104c0bdf2f8.",Claude_Reviewer_1,reviewer2,1,1,0,0,0,0,1,0,3,4,context_leakage,context_leakage,revise,keep,Pair needs revision: unsupported encounter reference present in FHIR target not grounded in input. Remove before retention.,Potassium 4.8 mmol/L correctly rendered. Performer A. Langeveld in target not in input but from seed.,1,yes,False,pending_adjudication,yes,Disagreement on context_leakage 1 vs 0; naturalness 3 vs 4; decision revise vs keep.,,
gptx-syn-012__brief_clinical_narrative,gptx-syn-012,synthea,Observation,brief_clinical_narrative,unit_sensitivity,The Observation pair depends on exact numeric value and unit preservation.,flagged_for_review,"Observation expression keeps the exact numeric value and unit from valueQuantity and stays target-local without importing subject, encounter, or performer context. Imported target remains unchanged from synthea_pilot50 seed Observation/d0bac5a3-7864-f695-6f7c-8104c0bdf2f8.",Claude_Reviewer_1,reviewer2,1,1,0,0,0,0,0,0,3,4,style_uncertainty,unit_sensitivity,revise,keep,Pair needs revision: unsupported encounter reference present in FHIR target not grounded in input. Remove before retention.,Same potassium entry. Unit mmol/L preserved exactly.,0,yes,True,pending_adjudication,yes,Disposition-only disagreement: both reviewers agree on the binary reliability dimensions but decisions differ (revise vs keep).,,
gptx-syn-012__semi_structured,gptx-syn-012,synthea,Observation,semi_structured,unit_sensitivity,The Observation pair depends on exact numeric value and unit preservation.,flagged_for_review,"Observation expression keeps the exact numeric value and unit from valueQuantity and stays target-local without importing subject, encounter, or performer context. Imported target remains unchanged from synthea_pilot50 seed Observation/d0bac5a3-7864-f695-6f7c-8104c0bdf2f8.",Claude_Reviewer_1,reviewer2,1,1,0,0,0,0,1,0,3,4,context_leakage,unit_sensitivity,revise,keep,Pair needs revision: unsupported encounter reference present in FHIR target not grounded in input. Remove before retention.,Potassium in semi-structured format. Value and unit exact match.,1,yes,False,pending_adjudication,yes,Disagreement on context_leakage 1 vs 0; naturalness 3 vs 4; flag_type context_leakage vs unit_sensitivity; decision revise vs keep.,,
gptx-syn-013__concise_clinical,gptx-syn-013,synthea,Observation,concise_clinical,unit_sensitivity,The Observation pair depends on exact numeric value and unit preservation.,flagged_for_review,"Observation expression keeps the exact numeric value and unit from valueQuantity and stays target-local without importing subject, encounter, or performer context. Imported target remains unchanged from synthea_pilot50 seed Observation/e8f7e38f-3a74-5f81-e95c-334efa477a3b.",Claude_Reviewer_1,reviewer2,1,1,0,0,0,0,1,0,3,4,context_leakage,unit_sensitivity,revise,keep,Pair needs revision: unsupported encounter reference present in FHIR target not grounded in input. Remove before retention.,Creatinine 2.3846 mg/dL correctly preserved. Unit exact.,1,yes,False,pending_adjudication,yes,Disagreement on context_leakage 1 vs 0; naturalness 3 vs 4; flag_type context_leakage vs unit_sensitivity; decision revise vs keep.,,
gptx-syn-013__semi_structured,gptx-syn-013,synthea,Observation,semi_structured,unit_sensitivity,The Observation pair depends on exact numeric value and unit preservation.,flagged_for_review,"Observation expression keeps the exact numeric value and unit from valueQuantity and stays target-local without importing subject, encounter, or performer context. Imported target remains unchanged from synthea_pilot50 seed Observation/e8f7e38f-3a74-5f81-e95c-334efa477a3b.",Claude_Reviewer_1,reviewer2,1,1,0,0,0,0,0,0,3,4,style_uncertainty,unit_sensitivity,revise,keep,Pair needs revision: unsupported encounter reference present in FHIR target not grounded in input. Remove before retention.,Creatinine in semi-structured format. Value and unit faithful.,0,yes,True,pending_adjudication,yes,Disposition-only disagreement: both reviewers agree on the binary reliability dimensions but decisions differ (revise vs keep).,,
gptx-syn-014__concise_clinical,gptx-syn-014,synthea,Observation,concise_clinical,unit_sensitivity,The Observation pair depends on exact numeric value and unit preservation.,flagged_for_review,"Observation expression keeps the exact numeric value and unit from valueQuantity and stays target-local without importing subject, encounter, or performer context. Imported target remains unchanged from synthea_pilot50 seed Observation/16b9fbe2-3ca5-2988-fe3d-70730ce38371.",Claude_Reviewer_1,reviewer2,1,1,0,0,0,0,1,0,3,4,context_leakage,unit_sensitivity,revise,keep,Pair needs revision: unsupported encounter reference present in FHIR target not grounded in input. Remove before retention.,Cholesterol 196.73 mg/dL correctly preserved. Laboratory observation faithful.,1,yes,False,pending_adjudication,yes,Disagreement on context_leakage 1 vs 0; naturalness 3 vs 4; flag_type context_leakage vs unit_sensitivity; decision revise vs keep.,,
gptx-syn-014__shorthand_clinical_note,gptx-syn-014,synthea,Observation,shorthand_clinical_note,context_leakage,"The canonical target has linked references, so the compressed source-side rendering should be checked for hidden context importation.",flagged_for_review,"Observation expression keeps the exact numeric value and unit from valueQuantity and stays target-local without importing subject, encounter, or performer context. Imported target remains unchanged from synthea_pilot50 seed Observation/16b9fbe2-3ca5-2988-fe3d-70730ce38371.",Claude_Reviewer_1,reviewer2,1,1,0,0,0,0,0,0,4,4,none,context_leakage,revise,keep,Pair needs revision: unsupported encounter reference present in FHIR target not grounded in input. Remove before retention.,Shorthand format same cholesterol. Encounter/subject/performer references in target from seed per notes.,0,yes,True,pending_adjudication,yes,Disposition-only disagreement: both reviewers agree on the binary reliability dimensions but decisions differ (revise vs keep).,,
gptx-syn-014__shorthand_clinical_note,gptx-syn-014,synthea,Observation,shorthand_clinical_note,unit_sensitivity,The Observation pair depends on exact numeric value and unit preservation.,flagged_for_review,"Observation expression keeps the exact numeric value and unit from valueQuantity and stays target-local without importing subject, encounter, or performer context. Imported target remains unchanged from synthea_pilot50 seed Observation/16b9fbe2-3ca5-2988-fe3d-70730ce38371.",Claude_Reviewer_1,reviewer2,1,1,0,0,0,0,0,0,4,4,none,unit_sensitivity,revise,keep,Pair needs revision: unsupported encounter reference present in FHIR target not grounded in input. Remove before retention.,Same entry. Unit mg/dL preserved.,0,yes,True,pending_adjudication,yes,Disposition-only disagreement: both reviewers agree on the binary reliability dimensions but decisions differ (revise vs keep).,,
gptx-syn-016__brief_clinical_narrative,gptx-syn-016,synthea,Condition,brief_clinical_narrative,context_leakage,"The canonical target has linked references, so the compressed source-side rendering should be checked for hidden context importation.",flagged_for_review,"Condition expression stays limited to the explicit diagnosis text, status fields, onset or abatement, and explicit severity when present; no duration, treatment, or hidden context is added. Imported target remains unchanged from synthea_pilot50 seed Condition/0443254f-7306-f744-c8e4-21524d693623.",Claude_Reviewer_1,reviewer2,1,1,0,0,0,0,0,0,4,4,none,context_leakage,revise,keep,Revise: encounter reference not grounded in input. Remove before retention.,Anxiety condition with onset and abatement correctly captured. Encounter/subject in target from seed. No duration or treatment added beyond explicit fields.,0,yes,True,pending_adjudication,yes,Disposition-only disagreement: both reviewers agree on the binary reliability dimensions but decisions differ (revise vs keep).,,
gptx-syn-016__brief_clinical_narrative,gptx-syn-016,synthea,Condition,brief_clinical_narrative,style_uncertainty,"Narrative Condition phrasing is still conservative, but it should be checked to ensure no implied duration or history slips in.",flagged_for_review,"Condition expression stays limited to the explicit diagnosis text, status fields, onset or abatement, and explicit severity when present; no duration, treatment, or hidden context is added. Imported target remains unchanged from synthea_pilot50 seed Condition/0443254f-7306-f744-c8e4-21524d693623.",Claude_Reviewer_1,reviewer2,1,1,0,0,0,0,0,0,4,4,none,style_uncertainty,revise,keep,Revise: encounter reference not grounded in input. Remove before retention.,"Same anxiety entry. ""Confirmed and resolved since"" vs ""active/confirmed"" - style nuance. Core clinical facts are faithful.",0,yes,True,pending_adjudication,yes,Disposition-only disagreement: both reviewers agree on the binary reliability dimensions but decisions differ (revise vs keep).,,
gptx-syn-017__shorthand_clinical_note,gptx-syn-017,synthea,Condition,shorthand_clinical_note,context_leakage,"The canonical target has linked references, so the compressed source-side rendering should be checked for hidden context importation.",flagged_for_review,"Condition expression stays limited to the explicit diagnosis text, status fields, onset or abatement, and explicit severity when present; no duration, treatment, or hidden context is added. Imported target remains unchanged from synthea_pilot50 seed Condition/06537fa0-88e4-a5f1-3a0a-9bb49cae9346.",Claude_Reviewer_1,reviewer2,1,1,0,0,0,0,0,0,4,4,none,context_leakage,revise,keep,Revise: encounter reference not grounded in input. Remove before retention.,Viral sinusitis with onset/abatement in shorthand format. Condition code and status fields present. Encounter/subject references from seed per notes.,0,yes,True,pending_adjudication,yes,Disposition-only disagreement: both reviewers agree on the binary reliability dimensions but decisions differ (revise vs keep).,,
gptx-syn-019__brief_clinical_narrative,gptx-syn-019,synthea,Condition,brief_clinical_narrative,context_leakage,"The canonical target has linked references, so the compressed source-side rendering should be checked for hidden context importation.",flagged_for_review,"Condition expression stays limited to the explicit diagnosis text, status fields, onset or abatement, and explicit severity when present; no duration, treatment, or hidden context is added. Imported target remains unchanged from synthea_pilot50 seed Condition/00f9e3dc-c68e-7a7d-d3bb-4a79d77acb36.",Claude_Reviewer_1,reviewer2,1,1,0,0,0,0,0,0,4,4,none,context_leakage,revise,keep,Revise: encounter reference not grounded in input. Remove before retention.,Fracture subluxation condition with onset/abatement dates. SNOMED code 263102004 matches diagnosis. Encounter/subject from seed. No hidden context imported.,0,yes,True,pending_adjudication,yes,Disposition-only disagreement: both reviewers agree on the binary reliability dimensions but decisions differ (revise vs keep).,,
gptx-syn-019__brief_clinical_narrative,gptx-syn-019,synthea,Condition,brief_clinical_narrative,style_uncertainty,"Narrative Condition phrasing is still conservative, but it should be checked to ensure no implied duration or history slips in.",flagged_for_review,"Condition expression stays limited to the explicit diagnosis text, status fields, onset or abatement, and explicit severity when present; no duration, treatment, or hidden context is added. Imported target remains unchanged from synthea_pilot50 seed Condition/00f9e3dc-c68e-7a7d-d3bb-4a79d77acb36.",Claude_Reviewer_1,reviewer2,1,1,0,0,0,0,1,0,3,4,context_leakage,style_uncertainty,revise,keep,Revise: encounter reference not grounded in input. Remove before retention.,Same fracture entry. Condition phraseology is conservative per notes. Core facts faithful.,1,yes,False,pending_adjudication,yes,Disagreement on context_leakage 1 vs 0; naturalness 3 vs 4; flag_type context_leakage vs style_uncertainty; decision revise vs keep.,,
gptx-syn-020__shorthand_clinical_note,gptx-syn-020,synthea,Condition,shorthand_clinical_note,context_leakage,"The canonical target has linked references, so the compressed source-side rendering should be checked for hidden context importation.",flagged_for_review,"Condition expression stays limited to the explicit diagnosis text, status fields, onset or abatement, and explicit severity when present; no duration, treatment, or hidden context is added. Imported target remains unchanged from synthea_pilot50 seed Condition/08056bc1-b178-1d21-6eda-44840fd1882b.",Claude_Reviewer_1,reviewer2,1,1,0,0,0,0,0,0,3,4,style_uncertainty,context_leakage,revise,keep,Revise: encounter reference not grounded in input. Remove before retention.,"Chronic sinusitis in shorthand format. Clinical status active, verification confirmed. Onset date present. Encounter/subject from seed.",0,yes,True,pending_adjudication,yes,Disposition-only disagreement: both reviewers agree on the binary reliability dimensions but decisions differ (revise vs keep).,,
